date,food name,Ingredients,Nutrition
2021-07-01,maggi Mi goreng instant noodl - chili ala kampong,"1. Cook noodles in boiling water for 3 minutes.,2. While waiting, mix seasoning, oil, and sweet seasoning into a plate.,3. Remove cooked noodles and drain well.,4. Mix the seasonings with the noodles and serve with fried challot.,5. Your delicious plate of noodles is ready to be enjoyed!.,• Noodle Cake: Wheat Flour (70%), Palm Oil, Salt, Sodium Tripolyphosphate, Guar Gum, Potassium Carbonate, Sodium Carbonate and Riboflavin. Sauce: Sugar, Molasses, Salt, Tapioca Starch, Soya Flakes, Wheat Flour, Potassium Sorbate, Acetic Acid, Dextrose, Starch.,• Flavoured Oil: Palm Olein, Shallot.,• Mixes: Sugar, Salt, Monosodium Glutamate, Chilli, Potassium Chloride, Flavourings (contain Milk), Onion, Garlic, Palm Fat, Caramelized Sugar, Corn Starch, Canola Oil, Paprika.,• Garnishing: Onion, Corn Flour, Palm Olein, Rice Flour.,• May Contain Traces: Crustacean, Fish, Celery and Mustard,• All additives are of plant, cow's milk or synthetic origin","Attributes,Per Serving (78g),Energy,1540kJ
,Protein,6.2g
,Total Fat,17.6g
,Carbohydrate,45.9g
,Sodium,800mg
"
2021-07-01,nongshim korean instant noodl - armi stew,"• Noodle: Wheat Flour, (Cereal containing gluten ) Vegetable Oil, Potato Starch, Modified Potato Starch, Salt, Vegetable Flavor Sauce, (Malt Syrup, Onion, Garlic ) Acidity Regulator (E501, E500 ), Colour (E101(i)), Green Tea Extract.,• Soup Base: Salt, Maltodextrin, Sugar, Flavour Enhancer, (E621, E635), Spices, Yeast Extract, Hydrolyzed Vegetable Protein, (Soya Bean Product), Soy Sauce, Chilli Powder, Flavour, Starch, Beef Bone Extract, Fish Flesh (Fish Product), Chinese Cabbage, Colour (E150a), Anticaking Agent (E551), Thickener, (E414, E412), Vegetable Oil, Acid Regulator, (E296, E330, E363), Glucose, Phospholipid, Anhydrous Milk Fat, (Milk Product), Beef Extract, High Fructose Corn Syrup, Stabilizer(E459), Sweetener (E967), Mushroom.,• Flakes: Textured Soy Protein (Textured Soy protein, Egg Powder, Chicken Extract, Flavour Enhancer (E621, E635), Spices, Salt, Sugar, Colour (E150a, E120), Flavour, Vitamin E (Soy Bean Product), Dehydrated Green Onion, Dehyrated Kimchi. ,• Contains: Milk and Egg.","Attributes,Per Serving (118g),Energy,494kcal
,Protein,9.3g
,Total Fat,15.1g
,Saturated Fat,7.9g
,Trans Fat,0g
,Carbohydrate,80.1g
,Sugars,3.4g
,Sodium,21.3mg
"
2021-07-01,maggi 2-minut instant noodl - curri,"Directions:,1. Empty noodles and soup mix in 360ml of boiling water,2. Simmer for 2 minutes, with gentle stirring,3. Serve immediately,• Noodle Cake: Wheat Flour, Palm Oil, Wheat Gluten, Salt, Potassium Chloride, Sodium Tripolyphosphate, Stabilisers, Potassium Carbonate and Sodium Carbonate,• Soup Mix: Salt, Monosodium Glutamate, Palm Oil, Starch, Soya Sauce (Soya Flakes, Salt, Wheat Flour), Wheat Flour, Chilli, Sugar, Yeast Extract, Spices, Garlic, Coriander, Onion, Cumin, Flavouring, Sodium Inosinate and Sodium Guanylate, Plain Caramel and Citric Acid,• May contain traces of crustaceans, fish, milk, celery and mustard",
2021-07-01,knorr instant cup porridg - chicken,"• High in vitamin,• Real chicken,• Thai jasmine rice,Instant Rice Flake, Salt, Sugar, Monosodium Glutamate, Yeast Powder, Spices, Chicken Fat and Meat, Modified Starch, Garlic Fat, Soya Sauce (contain Wheat), Spring Onion, Maltodextrin, Sodium Inosinate & Guanylate, Palm Fat, Flavourings (contain Wheat, Egg and Soya),• All food additives are of plant, animal and synthetic origin,• May contain traces of cereals containing gluten, fish, crustaceans, molluscs, milk, peanut and tree nuts","Attributes,Per Serving 100g,Energy,331kcal,Cholesterol,0.6mg,Protein ,8.2g,Carbohydrate ,68g,Total fat,3g,Vitamin B1,3.04mg,Vitamin B6,3.52mg"
2021-07-01,maggi big 2-minut instant noodl - chicken,"• Made with real chicken essence and a blend of aromatic herbs and spices, it truly is comfort food at its finest,• Serve with fresh vegetables for a delicious and more balanced meal for the whole family,• Bigger serving, more satisfying,1. Empty noodles and soup mix into 450ml of boiling water, 2. Simmer for 2 minutes, with gentle stirring,3. Serve immediately and enjoy,• Noodle cake: Wheat Flour, Palm Oil, Salt, Potassium Chloride, Guar Gum, Sodium Tripolyphosphate, Potassium Carbonate and Sodium Carbonate,• Soup mix: Salt, Monosodium Glutamate, Sugar, Corn Starch, Flavourings (Contains Milk), Chicken Fat and Meat, Soya Sauce (Contains Wheat), Palm Oil, Leek, Onion, Garlic, Spices (Contains Celery), Sodium Inosinate and Sodium Guanylate and Citric Acid,• Contain traces of crustaceans, fish and mustard","Attributes,Per Serving (98g),Energy,434kcal,Protein,10.2g,Total Fat,16.9g,Carbohydrate,60.4g"
2021-07-01,maggi hot head instant cup noodl - spici curri,"1. Remove seasoning packets,2. Add boiling water,3. After 3 minutes, drain water,4. Mix in the seasoning to taste and ready to sizzle,• Noodle Cake: Wheat Flour, Palm Oil, Starch, Salt, Sugar, Potassium Chloride, Sodium Tripolysphate, Guar Gum, Plain Caramel, Potassium Carbonate and Sodium Carbonate,• Mixes: Salt, Monosodium Glutamate, Palm Fat and Olein, Chilli, Starch, Spices, Wheat Flour, Soya Sauce Powder (Salt, Soya Bean Extract, Wheat Extract, Palm Oil), Yeast Extract, Flavourings, Sugar, Sodium Inosinate, Sodium Guanylate, Curry Leaves, Garlic, Onion, Anti-Caking Agent (E551), Citric Acid, Plain Caramel and Maltodextrin,• May contain traces of crustaceans, fish, milk, celery and mustard","Attributes,Per Serving (59g),Energy,265kcal,Total Fat,10.1g,Carbohydrate,38.1g,Protein,5.3g"
2021-07-01,fairpric instant noodl - chicken,"Cooking instructions:,1. Cook Fairprice instant noodles in 400ml (1½ cup) of boiling water for 2 minutes,2. Add in the soup seasoning, stir evenly,3. Ready to serve,• Noodles: Wheat Flour, Palm Oil, Water, Salt, E339 (i), E450 (i), E501 (i), E412 and E500 (i),• Soup Seasoning: Salt, E621, Sugar, Chicken Stock Powder [Salt, Corn Starch, E621, Sugar, E551, Palm Oil, Hydrolysed Vegetable Protein, Chicken Meat Powder, Flavour Enhancer (E631, E627), Garlic Powder, Onion Powder, Maltodextrin, Chicken Fat, White Pepper Powder, Yeast Extract, Colouring (E150D), Flavouring, E332 (ii), E340 (i)], and White Pepper,• Allergen advice: Contains gluten and soy,• May contain: Crustacean and milk","Attributes,Per Serving (70g),Energy,318kcal,Protein,6.2g,Total Fat,13.7g,Saturated Fat,6.4g,Trans Fat,0g,Cholesterol,0mg,Carbohydrate,42.5g,Dietary Fibre,2.7g,Sodium,2209mg"
2021-07-01,maggi hot head instant noodl - roast chicken mee goreng,"• Directions:,1. Cook noodles in boiling water for 3 minutes,2. Prepare the seasoning on plate,3. Drain water, mix the noodles well with the seasoning and ready to sizzle","Attributes,Per Serving (76g),Energy,490kcal,Total Fat,24.5g,Protein,9.1g,Carbohydrate,58.2g"
2021-07-01,nongshim instant bowl noodl - kimchi,"• Noodles: Wheat Flour (Cereal containing Gluten), Palm Oil, Starch, Salt, Acidity Regulator (Potassium Carbonate),• Soup Powder: Salt, Flavour (Kimchi), Flavour Enhancer (Monosodium Glutamate), Spices,• Vegetables: Dehydrated Kimchi, Dehydrated Carrot, Freeze Dried Corn, Dehydrated Chives",
2021-07-01,prima tast La mian premium instant noodl - laksa,"Prima Taste Laksa La Mian Premium Instant Noodle is renowned worldwide and continuously topped the American Ramen Rater’s List for 3 years. It provides a hearty and authentic taste of Singapore in only 7 minutes. The steamed air-dried premium noodles taste as good as traditional hand-pulled noodles.,• No MSG Added,• No Artificial Flavouring & Colouring,• No Added Preservatives,• Laksa Paste: Water, Vegetable Oil (Palm Olein), Chilli Paste (Water, Dried Chilli, Salt), Dried Shrimp, Galangal, Shrimp Paste (Shrimp, Salt), Turmeric, Tumeric Powder, Lemon Grass, Laksa Leaf (Polygonum Odouratum), Chilli, White Pepper, Chilli Powder,• Laksa Premix: Coconut Milk Powder (Coconut Milk Solids, Maltodextrin, Sodium Caseinate), Sugar, Salt, Yeast Extract,• Noodle: Wheat Flour, Salt, Acidity Regulators (Sodium Carbonate, Disodium Phosphate)","Attributes,Per Serving (185g),Energy,694kcal / 2915kJ,Protein,17.8g,Total Fat,32.6g,Saturated Fat,24.6g,Trans Fat,0g,Cholesterol,30mg,Carbohydrate,82.3g,Sugars,5.6g,Dietary Fibre,4.3g,Sodium,2178mg"
2021-07-01,nissin instant japanes ramen - hokkaido miso,"• Noodles: Wheat flour (69%), Palm Oil [Antioxidants (307b, 320, 321)], Tapioca Starch, Salt, Acidity Regulators (501, 450, 451), Colour (160a), Stabilisers (414), Emulsifier (471),• Seasoning powder: Flavour Enhancers (621, 635), Fermented Soya Bean Powder (Soya Bean, Wheat Flour, Salt, Rice Flour), Salt, Spices, Creamer [Glucose, Palm Fat, Sodium Caseinate, Stabiliser (340), Emulsifier (471), Anti-Caking Agent (551)], Sugar, Hydrolysed Plant Protein [Soya, Stabiliser (1400)], Soya Sauce Powder (Soya, Wheat, Salt), Seaweed, Yeast Extract, Cabbage Powder (Contains Lactose), Bonito, Spring Onion, Colour (150c),• Seasoning oil: Palm Oil, Sesame Oil, Spices,Chicken Flavour [Chicken Fat, Antioxidant (910)]","Attributes,Per Serving (116g),Energy,470kcal,Protein,11g,Total Fat,15.3g,Saturated Fat,7.5g,Carbohydrate,72.4g,Sugars,5g,Sodium,1450mg"
2021-07-01,nongshim instant cup noodl - spici,"• Perfect Korean famous taste,• Great small cup sized noodle that is good for snacking,Cooking directions:,• For hot water:,1. Open lid halfway and add soup base,2. Pour hot water up to the line inside,3. Close lid for 3 minutes,4. Stir well and serve,• For microwave:,1. Completely remove lid,2. Pour room temperature water up to the line inside,3. Microwave for 3 minutes,4. Stir well and ready to serve",
2021-07-01,nongshim instant noodl - korean clay pot,"• Noodles: Wheat Flour (Cereal containing Gluten), Palm Oil, Potato Starch, Salt, Acidity Regulator (E501), Vegetable Flavour Sauce (Malt Syrup, Onion, Garlic), Colour (E101(I)), Tea Extract,• Soup Powder: Salt, Yeast Extract, Flavour Enhancer (E621, E635), Hydrolysed Vegetable Protein (Soya Bean Product), Soya Bean Paste Powder (Soya Bean Product), Maltodextrin, Sugar, Spices, Chilli Powder, Chilli Extract, Mushroom Extract, Colour (E150), Vegetable Oil, Corn Flour, Malt Syrup,• Vegetables: Dehydrated Chinese Cabbage, Dehydrated Carrot, Dehydrated Chives, Dehydrated Seaweed","Attributes,Per Serving (120g),Energy,505kcal,Protein,11.4g,Total Fat,16.1g,Saturated Fat,8.2g,Trans Fat,0g,Carbohydrate,78.8g,Sugars,3.5g,Sodium,2290mg"
2021-07-01,maggi hot head instant noodl - spici curri,"1. Empty noodles and soup mix in 450ml of boiling water,2. Simmer for 2 minutes, with gentle stirring,3. Sprinkle fried onions over noodles and serve immediately,• Noodle Cake: Wheat Flour, Palm Oil, Wheat Gluten, Salt, Potassium Chloride, Sodium Tripolyphosphate, Stabilisers, Potassium Carbonate, Sodium Carbonate,• Mix and Garnishing: Salt, Monosodium Glutamate, Palm Oil, Onion, Chilli, Starch, Corn Flour, Wheat Flour, Soya Sauce (Soya Flakes, Salt, Wheat Flour), Coriander, Rice Flour, Yeast Extract, Cumin, Spices, Sugar, Colourings, Sodium Inosinate and Sodium Guanylate, Curry Leaf, Turmeric, Garlic, Flavourings, Silicion Dioxide, Citric Acid, Calcium 5'-Inosinate and Maltodextrin,• May contain traces of crustacean, fish, milk, celery, mustard","Attributes,Per Serving (103g),Energy,467kcal,Protein,11g,Total Fat,19g,Carbohydrate,63g,Sodium,1576mg"
2021-07-01,maggi 2-minut instant noodl - tom yum,"1. Empty noodles and soup mix in 360ml of boilng water,2. Simmer for 2 minutes, with gentle stirring,3. Serve immediately",
2021-07-01,nongshim instant bowl noodl - spici,"• Noodles: Wheat Flour (Cereal containing Gluten), Palm Oil, Salt, Acidity Regulator (Potassium Carbonate),•Soup Powder: Salt, Flavour Enhancer (Monosodium Glutamate), Sugar, Spices, Soya Sauce Powder (Soya Bean Product),• Vegetables: Dehydrated Carrot, Dehydrated Mushroom, Dehydrated Chives, Textured Soya Protein (Soya Bean Product), Dehydrated Red Pepper",
2021-07-01,nongshim shin ramyun instant noodl - shrimp,"• Noodles: Wheat Flour (Cereal containing Gluten), Palm Oil, Potato Starch, Salt, Acidity Regulator (E501, E500), Vegetable Flavour Sauce (Malt Syrup, Onion, Garlic), Colour (E101(I)), Tea Extract,• Soup Powder: Salt, Flavour Enhancer (E621, E635), Shrimp Extract (Crustacean Product), Shrimp Powder (Crustacean Product), Hydrolysed Vegetable Protein (Soya Bean Product), Chilli Powder, Sugar, Spices, Soya Bean Paste Powder (Soya Bean Product), Garlic Extract, Corn Flour, Maltodextrin, Mushroom, Chilli Extract,• Vegetables: Dehydrated Carrot, Dehydrated Shrimp (Crustacean Product), Dehydrated Chives, Dehydrated Seaweed","Attributes,Per Serving (100g),Energy,497kcal,Carbohydrate,77.2g,Protein,11.5g,Total Fat,15.8g,Saturated Fat,8g,Sugars,2.8g,Sodium,2216mg"
2021-07-01,koka instant noodl - tom yum,"• Bold flavours,• Authentic local taste,• No added MSG, preservatives and artificial colouring,1. Place noodles into 400ml of boiling water and cook for 2 minutes,2. Turn off the heat, add seasoning and stir,3. Transfer to bowl and serve,• Noodles: Wheat Flour, Tapioca Starch, Edible Palm Oil, Salt, Potassium Carbonate, Sodium Carbonate,• Seasoning Mix: Salt, Sugar, Tapioca Starch, Yeast Extract, Carrot Powder, Hydrolysed Vegetable Protein (contains Soya Bean), Disodium 5'-Ribonucleotide, Pepper Powder, Flavour (contains Fish, Crustaceans, Traces of Milk, Celery), Caramel Powder, Chilli Oil","Attributes,Per Serving (85g),Energy,380kcal,Total Fat,17g,Saturated Fat,8g,Trans Fat,0g,Cholesterol,0mg,Sodium,1570mg,Carbohydrate,49g,Dietary Fibre,2g,Sugars,6g,Protein,8g,Calcium,1.7g,Iron,3.4g"
2021-07-01,ibumi Mi goreng instant noodl - sambal udang,"• Noodle: Wheat Flour, Palm Olein (contains Permitted Antioxidant: BHA), Salt, Guar Gum, Sodium Polyphosphate, Potassium Carbonate and Sodium Carbonate,• 
Seasoning Powder: Salt, Chilli Powder, Monosodium Glutamate, Spices, Shrimp Powder, Anchovy Powder and contains Permitted Flavour Enhancer (E627 and E631),• Seafood Sauce: Soybean, Sugar, Salt, Flour, Brown Sugar, Caramel, Monosodium Glutamate, Benzoic Acid and Shrimp Powder,• Seasoning Oil: Palm Olein (contains Permitted Antioxidant: BHA), Shallot and Paparika Oleoresin,• Vegetable Pack: Fried Shallot","Attributes,Per Serving (80g),Energy,398cal,Protein,7.3g,Total Fat,19g,Carbohydrate,49.5g"
2021-07-01,maggi hot mealz instant bowl noodl - tom yam,"1. Pour boiling water in,2. Stir,3. Wait for 3 minutes before enjoying it hot,• Noodle Cake: Wheat Flour, Palm Oil, Starch, Salt, Sugar, Potassium Chloride, Sodium Tripolyphosphate, Guar Gum, Potassium Carbonate, Sodium Carbonate and Caramel,• Soup mix: Salt, Monosodium Glutamate, Sugar, Palm Olein, Black Pepper, Tapioca Starch, Wheat Flour, Chilli, Malic Acid, Galangal, Flavourings, Soya, Sodium Inosinate and Sodium Guanylate, Citric Acid, Paprika, Wheat Grains, Palm Kernel Fat, Acetic Acid, Yeast,• Garnishing: Spring Onion, Chilli,• May contain traces: Crustacean, fish, milk, celery and mustard","Attributes,Per Serving (20g),Energy,85kcal,Sodium,0mg,Total Fat,2g,Protein,0.4g"
2021-07-01,maggi masala noodl,,"Attributes,Per Serving (null),Energy,1251kj,Protein,5.6g,Carbohydrate,44.5g,Fat,11.0g,Spdium,0.82g"
2021-07-01,koka instant fri noodl - spici singapor,"• Bold flavours,• Authentic local taste,• No added MSG, preservatives and artificial colouring,1. Place noodles into boiling water and cook for 2 minutes,2. Mix seasoning powder and oil together on a plate while noodles are cooking,3. Drain noodles well and transfer to plate ,4. Mix noodles with seasoning and serve,• Noodles: Wheat Flour (76%), Tapioca Starch, Palm Oil, Salt, Potassium Carbonate, Sodium Carbonate,• Seasoning Mix: Palm Oil, Sugar, Salt, Yeast Extract, Tomato Powder, Spices, Hydrolysed Soya Protein, Chilli Flakes, Chives, Disodium 5'-Ribonucleotide, Paprika, Lactic Acid, Flavour,• Contain traces of sesame seeds, celery","Attributes,Per Serving (85g),Energy,380kcal,Total Fat,16g,Saturated Fat,8g,Trans Fat,0g,Cholesterol,0mg,Sodium,750mg,Carbohydrate,50g,Dietary Fibre,2g,Sugars,5g,Protein,8g,Calcium,1.7g,Iron,3.4g"
2021-07-01,nongshim instant noodl - rich potato,"• Noodles: Potato Starch (45%), Wheat Flour (Cereal containing Gluten), Vegetable Oil, Wheat Gluten (6.38%), Potato Powder (3.19%), Salt, Acidity Regulator (E501), Vegetable Flavour Sauce (Malt Syrup, Onion, Garlic), Colour [E101(i)], Green Tea Extract,• Soup Base: Salt, Flavour Enhancer (E621, E635), Hydroylzed Vegetable Protein (Soybean product), Spices, Soybean Paste Powder [Soybean, Salt, Wheat Flour (Soybean product)], Starch, Chili Powder, Vegetable Oil, Maltodextrin, Yeast Extract, Malt Syrup, Perilla Seed Powder, Corn Flour, Glucose, Colour (E150a), Chili Extract, Sugar, Mushroom,• Vegetable Flakes: Dehydrated Chinese Cabbage, Dehydrated Potato, Dehydrated Carrot, Dehydrated Green Onion","Attributes,Per Serving (100g),Energy,435kcal,Trans Fat,0g,Protein,8.8g,Total Fat,17.4g,Saturated Fat,8.4g,Carbohydrate,61.1g,Sugars,2.1g,Sodium,2011mg"
2021-07-01,nissin instant cup noodl - tonkotsu (black garlic oil),"1. Detach the oil sachet from the lid,2. Pull the lid back to the indicated line and pour boiling water up to inner line,3. Close the lid for 3 minutes,4. Remove the lid and add seasoning oil,5. Stir well and serve,• Store in a cool and dry place,• Avoid placing under direct sunlight,• Noodles: Wheat Flour, Refined Palm Oil (Palm Oil, Vitamin E, Ascorbyl Palmitate), Tapioca Starch, Salt, Food Additives (Monosodium Glutamate, Lecithin, Sodium Carbonate, Sodium Hexametaphosphate, Sodium Tripolyphosphate, Guar Gum, Citric Acid, Disodium 5’-Ribonucleotide), Garlic Powder, Soya Sauce, Wheat Gluten Powder,• Seasoning Powder: Creamer, Food Additives (Monosodium Glutamate, Disodium 5’-Ribonucleotide, Silicon Dioxide, Guar Gum), Garlic Powder, Flavourings, Yeast Extract, Sugar, Hydrolysed Plant Protein Seasoning Powder (Hydrolysed Plant Protein Seasoning Liquid, Salt, Maltodextrin, Monosodium Glutamate), Refined Vegetable Oil (Sesame Oil, Palm Oil, vitamin E), Onion Powder, Spices, Salt,• Garnish: Dehydrated Vegetables (Cabbage, Pak Choi, Spring Onion), Dehydrated Egg (Egg Powder, Wheat Flour, Sorbitol, Soya Protein, Corn Oil, Starch, Salt, Sugar, Monosodium Glutamate, Ammonium Bicarbonate, Citric Acid, Disodium 5’-Ribonucleotide, Beta-Carotene, Vitamin E), Dehydrated Fishcake (Fish Paste, Corn Starch, Sorbitol, Salt, Sugar, Monosodium Glutamate, Mono and Diglycerides of Fatty Acid, Paprika Colour),• Seasoning Oil: Refined Vegetable Oil (Palm Oil, Sesame Oil, Vitamin E), Flavourings, Caramel I, Garlic,• Contains: Wheat, Fish, Egg, Soya, and Milk","Attributes,Per Serving (72g),Energy,1309kJ
"
2021-07-01,nongshim instant noodl - neoguri,"1. Boil 550ml (about 2 1/4 cup) of water,2. Add noodles, soup base and vegetable mix,3. Cook for 5 minutes, stirring occasionally,4. Remove from heat and serve",
2021-07-01,campbell' instant soup - cream of corn,"Creamer {Glucose Syrup, Hydrogenated Vegetable Fat, Caseinate (Millk Protein) Stabilizers [Ins340(ii), Ins452(i)], Silicon Dioxide (Ins551), Beta-Carotene (Ins160a)}, Sugar, Potato Starch, Corn, Salt, Corn Starch, Yeast Extract (Contains Barley), Vitamins and Minerals {Calcium, [Ins170(i)], Iron, Vitamin B3, B2, (Ins101) and B1}, Palm Oil, Spice, Butter (Contain Milk), Flavouring,• Contains permitted flavouring substances,• Food additives are of plant and synethic origin,• Allergen information: Contains milk and gluten containing cereals,• May contain traces of egg and soy","Attributes,Per Serving (100g),Energy,456kcal,Protein,1g,Carbohydrate,17g,Total Fat,3.1g,Thiamine (Vit B1),0.2mg,Riboflavin,0.3mg,Nacin,3mg,Iron,2mg,Calcium,170mg"
2021-07-01,nissin instant cup noodl - tonkotsu,"1. Detach the oil sachet from the lid,2. Pull the lid back to the indicated line and pour boiling water up to inner line,3. Close the lid for 3 minutes,4. Remove the lid and add seasoning oil,5. Stir well and serve,• Store in a cool and dry place,• Avoid placing under direct sunlight,• Noodles: Wheat Flour, Refined Palm Oil (Palm Oil, Vitamin E, Ascorbyl Palmitate), Tapioca Starch, Salt, Food Additives (Monosodium Glutamate, Lecithin, Sodium Carbonate, Sodium Hexametaphosphate, Sodium Tripolyphosphate, Guar Gum, Citric Acid, Disodium 5’-Ribonucleotide), Garlic Powder, Soya Sauce, Wheat Gluten Powder,• Seasoning Powder: Yeast Extract, Creamer, Soya Sauce Powder (Soya Sauce, Maltodextrin, Salt, Monosodium Glutamate), Food Additives (Monosodium Glutamate, Disodium 5’-Ribonucleotide, Sodium Carboxy Methyl Cellulose), Onion Powder, Garlic Powder, Sesame, Spices, Sugar, Sesame Oil,• Garnish: Dehydrated Vegetables (Cabbage, Spring Onion), Dehydrated Egg (Egg Powder, Wheat Flour, Sorbitol, Soya Protein, Corn Oil, Starch, Salt, Sugar, Monosodium Glutamate, Ammonium Bicarbonate, Citric Acid, Disodium 5’-Ribonucleotide, Beta-Carotene, Vitamin E), Dehydrated Black Fungus, Dehydrated Fishcake (Fish Paste, Corn Starch, Sorbitol, Salt, Sugar, Monosodium Glutamate, Mono and Diglycerides of Fatty Acid, Paprika Colour),• Seasoning Oil: Refined Vegetable Oil (Palm Oil, Sesame Oil, Vitamin E), Flavourings (Contains Peanut), Garlic,• Contains: Wheat, Fish, Egg, Peanut, Soya and Milk","Attributes,Per Serving (77g),Energy,1389kJ
"
2021-07-01,prima tast readi meal - curri chicken with rice,"• Loaded with 20% of wholegrain basmati rice and 5% of multi-grains,• No added MSG and preservatives,• Contains dietary fibre, soluble fibre and prebiotics,• A healthy meal in just 90 seconds, so easy and delicious
,• Directions:,1. Squeeze unopened pouch gently to loosen the rice,2. Tear a small gap to vent steam (as indicated on packaging),3. Place pouch in a standing position inside microwave oven, heat on high for 20 seconds in a 800W oven,4. Let pouch rest for 1 minute,5. Hold top of pouch to tear open completely,6. Mix well and Curry Chicken with Rice is ready to serve,• Note:,1. Microwave times may vary depending on wattage,2. You may also reheat by immersing unopened pouch in a covered pot of boiling water for approximately 8 - 10 minutes","Attributes,Per Serving (100g),Energy,195kcal,Trans Fat,0g,Protein,9.9g,Total Fat,7.3g,Saturated Fat,3.8g,Cholesterol,20mg,Carbohydrate,22.5g,Sugars,3.7g,Dietary Fibre,3.4g,Soluble Fibre (Inulin),2.2g,Sodium,360mg"
2021-07-01,nongshim bokkeum kimchi dri ramyum instant noodl,,
2021-07-01,red chef spici sakura prawn soup noodl,,
2021-07-01,knorr instant cup porridg - chicken & corn,"• 100% natural vegetables,• Real chicken taste,• Real thai jasmine rice,• Ready in 2 min,Empty a sachet of knorr Porridge into a cup,Add 250ml of hot water into the cup and stir for 2 minutes,Do not put paper cup in Microwave,Instant Rice Flake, Salt, Sweet Corn Powder, Monosodium Glutamate, Dehydrated Vegetable (Pumpkin and Spring Onion), Sugar, Yeast Powder, Modified Starch, Spices, Palm Fat and Oil, Chicken Fat, Soya Sauce (contain Wheat), Sodium Inosinate and Guanylate, Maltodextrin, contains Permitted Flavourings (contain Wheat and Egg) and Colour,• All food additives are of plant, animal and synthetic origin","Attributes,Per Serving (100g),Energy,333kcal,Proteins,7.9g,Carbohyrate,68g,Total Fat,3.5g,Cholesterol,0.5mg,Vitamin B6,0.6mg"
2021-07-01,nongshim instant bowl noodl - mild spici potato,"• Noodle:Wheat Flour (Cereal Containing Gluten), Vegetable Oil, Potato Starch, Modified Potato Starch, Salt, Vegetable Flavour Sauce (Malt Syrup, Onion, Garlic), Acidity Regulator (E501), Colour [E101(i)], Green Tea Extract,• Soup base: Salt, Flavour Enhancer (E621, E635), Soybean Paste Powder (Soybean, Salt, Wheat Flour)(Soybean product), Spices, Hydrolyzed Vegetable Protein (Soybean product), Yeast Extract, Starch, Chili Powder, Vegetable Oil, Malt Syrup, Green Perilla Seed Powder, Corn Flour, Glucose, Maltodextrin, Sugar, Colour (E150a), Chili Extract, Mushroom,• Vegetable flakes: Dehydrated Chinese Cabbage, Dehydrated Potato, Dehydrated Carrot, Dehydrated Green Onion","Attributes,Per Serving (117g),Energy,538kcal
,Protein,8.8g
,Total Fat,23.4g
,Saturated Fat,11.5g
,Trans Fat,0g
,Carbohydrate,73g
,Sugars,2.7g
,Sodium,1605mg
"
2021-07-01,koka instant noodl - laksa singapura,"• Bold flavours,• Authentic local taste,• No added MSG, preservatives and artificial colouring,• Noodles: Wheat Flour, Palm Oil, Salt,• Seasoning: Coconut Powder, Sugar, Salt, Canola Oil, Seafood Extract (Shrimp, Fish, Scallop, Salt), Yeast Extract, Hydrolyzed Soy Protein, Onion, Chili Flakes, Ginger, Coriander, Lemongrass, Turmeric, Disodium 5 Ribonucleotide (from Tapioca Starch), Lactic Acid, Flavor, Chili Oil","Attributes,Per Serving (490g),Calories,420kcal,Total Fat,20g,Saturated Fat,7g,Trans Fat,0g,Cholesterol,0mg,Sodium,1960mg,Carbohydrate,50g,Fibre,2g,Sugars,6g,Protein,9g"
2021-07-01,prima tast readi meal - chicken claypot rice,"• Directions:,1. Squeeze unopened pouch gently to loosen the rice,2. Tear a small gap to vent steam (as indicated on packaging),3. Place pouch in a standing position inside microwave oven, heat on high for 20 seconds in a 800W oven,4. Let pouch rest for 1 minute,5. Hold top of pouch to tear open completely,6. Mix well and Curry Chicken with Rice is ready to serve,• Note:,1. Microwave times may vary depending on wattage,2. You may also reheat by immersing unopened pouch in a covered pot of boiling water for approximately 8 - 10 minutes
","Attributes,Per Serving (100g),Energy,201kcal,Trans Fat,0g,Protein,6.7g,Total Fat,7g"
2021-07-01,indomi Mi goreng instant noodl - rendang,"1. Cook noodles in 400ml of boiling water and simmer for 3 minutes,2. Mix the seasoning powder, seasoning oil, sweet soy sauce and chili sauce on a plate, while noodles are being cooked,3. Drain well,4. Mix well with all the seasonings,5. Garnish with fried onions and enjoy your delicious fried noodles
,• Noodles: Wheat Flour (Contains Gluten), Refined Palm Oil (Contains Permitted Antioxidant TBHQ), Salt, Contains Acidity Regulators (Potassium Carbonate, Sodium Polyphosphate, Sodium Carbonate) and Thickener (Guargum) as Permitted Food Conditioners, and Contains Permitted Colouring (Tartrazine),• Seasoning Powder: Salt, Sugar, Contains Monosodium Glutamate, Disodium Inosinate and Guanylate as Permitted Flavour Enhancers, Artificial Flavour, Garlic Powder, Yeast Extract, Contains Permitted Colouring (Caramel), Coconut Flavour, Pepper, Grill Flavour, Clove, Star Anise,• Seasoning Oil: Refined Palm Oil (Contains Permitted Antioxidant TBHQ), Onion, Chili, Candlenut, Garlic, Ginger, Galangal, Turmeric Leaves, Lemongrass, Lime Leaves, Turmeric, Bay Leaves, Paprika Colour, Curry Flavour, Sweet Soy Sauce, Chili Powder,• May contains traces of  sesame,• All additives used are of plant and synthetic origin","Attributes,Per Serving (85g),Energy,1525kJ 
,Protein,8g
,Total Fat,15g
,Carbohydrate,49g
,Sugars,8g
,Dietary Fibre,3g
,Sodium,0.9g
"
2021-07-01,nissin instant bowl noodl - chicken,"1. Open lid halfway, add seasoning powder and garnish,2. Pour boiling water to inner line and close lid for 3 minutes,3. Remove lid and add seasoning oil,4. Stir well before serving,• Noodles: Wheat Flour (68%), Palm Oil [Antioxidants (306, 320, 321)], Tapioca Starch, Salt, Acidity Regulators (450, 451, 500), Colour (160a), Stabilisers (414), Emulsifier (471),• Seasoning Powder: Salt, Creamer [Glucose, Palm Fat, Sodium Caseinate, Stabiliser (340), Emulsifier (471)], Flavouring Powder [Chicken Flavour, Yeast Extract, Potato, Soya Sauce Powder (Soya, Wheat, Salt), Stabiliser (452, 472e), Colour (160a)], Flavour Enhancers (621, 635), Sugar, Corn Starch, Hydrolysed Plant Protein [Soya, Stabiliser (1400)], Spices, Cabbage (Contains Lactose), Anti-caking Agent (551), • Seasoning Oil: Sesame Oil, Palm Oil, Spices, • Garnish: Dehydrated Egg [Egg, Potato Starch, Sugar, Acidity Regulator (330), Colour (160a)], Fishcake [Fish, Corn Starch, Sugar, Stabilisers (420, 422), Emulsifiers (471, 433), Colour (160c)], Carrot, Spring Onion","Attributes,Per Serving (100g),Energy,460kcal,Carbohydrate,51.3g,Protein,9.4g,Total Fat,23.8g,Saturated Fat,9.9g,Sugar,3.7g,Sodium,2810mg"
2021-07-01,koka instant purpl wheat noodl - chili and lime (dry),"• No artificial colouring,• No preservatives,1. Cook noodles in boiling water for 2 - 3 minutes,2. Empty seasoning powder and oil sachet into a bowl, mix the powder and oil together,3. Drain noodles and place into bowl with seasoning mix,4. Mix noodles with seasoning evenly and enjoy,• Noodle (10% whole-grains): Wheat Flour, Tapioca Starch, Whole Purple Corn Flour, Salt,• Seasoning: Rapeseed Oil, Sugar, Salt, Yeast Extract, Soy Sauce Powder (Soybeans, Salt, Wheat, Maltodextrin), Onion, Chili, Lime Leaf Flakes, Citric Acid, Sesame Oil, Lime Flavour,• Contains wheat, soy and sesame","Attributes,Per Serving (60g),Calories ,250cal
,Total Fat,6g
,Saturated Fat,1g
,Trans Fat,0g
,Cholesterol,0mg
,Sodium,570mg
,Carbohydrate,41g
,Dietary Fibre,2g
,Sugars,4g
,Protein,7g
,Vitamin A ,0%
,Vitamin C,0%
,Calcium,2%
,Iron,6%
"
2021-07-01,ibumi Mi goreng instant noodl - thai tom yam,"Cooking Instruction:,
,1. Boil noodles in briskly boiling water for 3 minutes,
,2. Mix seasoning and sauces while noodles are being cooked,
,3. Take noodles out from water and take well,
,4. Mix noodles thoroughly with the seasoning and it is ready to be served,• Noodle: Wheat Flour, Palm Olein (contains Permitted Antioxidant: BHA), Salt, Guar Gum, Sodium Polyphosphate, Potassium Carbonate and Sodium Carbonate,• Seasoning Powder: Salt, Chilli Powder, Monosodium Glutamate, Spices, Yeast Extract and contains Permitted Flavour Enhancer (E631),• Soy Sauce: Soybean, Sugar, Salt, Flour, Brown Sugar, Caramel, Monosodium Glutamate and Benzoic Acid,• Seasoning Oil:
 Palm Olein (contains Permitted Antioxidant: BHA) and Shallot,• Chilli Sauce: Chilli, Water, Sugar, Salt, Garlic and Acetic Acid","Attributes,Per Serving (80g),Energy,399cal,Protein,7.3g,Total Fat,18g,Carbohydrate,52g"
2021-07-01,campbell' instant soup - mushroom chicken with crouton,"Creamer, Vegetable Oil, Chicken Powder,• Contains thickeners as permitted food conditioners,• Contains yeast extract as permitted flavour enhancer,• Contains permitted flavouring substance","Attributes,Per Serving (100g),Energy,92kcal,Protein,0.9g,Carbohydrate,12.8g,Total Fat,4.1g,Thiamine (Vit B1),0.2mg,Riboflavin,0.3mg,Nacin,3mg,Iron,2mg,Calcium,170mg"
2021-07-01,maggi hot head instant cup noodl - spici goreng,"1. Remove seasoning packets,2. Add boiling water,3. After 3 minutes, drain water,4. Mix in the seasoning to taste and ready to sizzle,• Noodle Cake: Wheat Flour, Palm Oil, Starch, Salt, Sugar, Potassium Chloride, Sodium Tripolysphate, Guar Gum, Plain Caramel, Potassium Carbonate, Sodium Carbonate,• Mixes:  Palm Fat, Olein, Sugar, Salt, Molasses, Monosodium Glutamate, Chilli, Starch, Shallot, Maltodxtrin, Wheat Flour, Soya Sauce Powder (Salt, Soya Bean Extract, Wheat Extract, Palm Oil), Spices, Flavourings (contains Milk), Yeast Extract, Garlic, Onion, Anti-Caking Agent (E551, E535), Soya, Sodium Inosinate, Sodium Guanylate, Plain Caramel, Citric Acid, Potassium Sorbate, Glucose,• May contain traces of crustaceans, fish, milk, celery and mustard</br>","Attributes,Per Serving (64g),Energy,311kcal,Total Fat,14.9g,Carbohydrate,39.6g,Protein,4.5g"
2021-07-01,nissin instant fri noodl specialist - teppan yakisoba,"1. Put noodles into 450ml of boiling water, cook for 3 minutes and stir occasionally,2. Remove from heat, drain away water and put the noodles on plate, 3. Add seasoning powder and seasoning paste, mix well and serve,• Noodles: Wheat Flour (77%), Palm Oil [Antioxidants (306, 320, 321)], Salt, Acidity Regulators (450, 451, 501, 500), Stabilisers (412, 414), Emulsifier (471),• Seasoning powder: Sugar, Flavour Enhancers (621, 635), Salt, Hydrolysed Plant Protein [Soya, Stabiliser (1400)], Spices, Soya Sauce Powder (Soya, Wheat, Salt), Chopped Chilli, Yeast Extract, Colour (150c), Acidity Regulator (330), Anticaking Agents (535, 536),• Seasoning oil: Palm Oil, Yakisoba Flavour (Carrot Seed Oil, Celery Seed Oil, Butter Oil, Soya Sauce, Shrimp), Garlic, Sesame Oil,• Seasoning sauce: Sweet Soya Sauce [Soya, Wheat Flour, Salt, Sugar, Colour (150c), Preservative (211), Thickener (415), Acidity Regulator (260)],• This product contains wheat, crustacean, soya, milk, sesame","Attributes,Per Serving (90g),Energy,385kcal,Protein,8.6g,Total Fat,12.4g,Saturated Fat,4.2g,Trans Fat,0g,Cholesterol,0mg,Carbohydrate,58.4g,Dietary Fibre,2.8g,Sodium,1522mg"
2021-07-01,maggi hot head instant noodl - tom yum mee goreng,"• Directions:,1. Cook noodles in boiling water for 3 minutes,2. Prepare the seasoning on plate,3. Drain water, mix the noodles well with the seasoning and ready to sizzle","Attributes,Per Serving (76g),Energy,487kcal,Total Fat,24.4g,Protein,8.8g,Carbohydrate,58g"
2021-07-01,eureka popcorn - classic caramel,"• Made of 100% whole grain and with gluten-free,• Coated with vanilla and caramel,• Aromatic and crispy","Attributes,Per Serving (100g),Calories,530kcal,Calories from Fat,240kcal,Total Fat,27g,Saturated Fat,12g,Trans Fat,0g,Cholesterol,0mg,Sodium,55mg,Carbohydrate,69g,Dietary Fibre,4g,Monounsaturated Fat,12g,Polyunsaturated Fat,3.5g,Sugars,43g,Protein,3g"
2021-07-01,maggi instant mee goreng - sambal tumi bili,"1. Cook noodles in boiling water for 3 minutes.,2. While waiting, mix seasoning, oil, and sweet seasoning into a plate.,3. Remove cooked noodles and drain well.,4. Mix the seasonings with the noodles and serve with fried challot.,5. Your delicious plate of noodles is ready to be enjoyed!.,• Noodle Cake: Wheat Flour, Palm Oil, Salt, Sodium Tripolyphosphate, Guar Gum, Potassium Carbonate, Sodium Carbonate and Riboflavin,• Mixes: Sugar, Vegetable Oils (Palm, Palm Kernel), Salt, Anchovy (7%), Garlic, Chilli, Monosodium Glutamate, Potassium Chloride, Tomato, Onion, Caramelized Sugar, Soya Flakes, Wheat Flour, Paprika, White Pepper, Shallot, Acetic Acid, Dextrose, Corn Starch.,• Garnishing: Onion, Corn Flour, Palm Olein, Rice Flour.,• May Contain Traces: Crustacean, Milk, Celery, Mustard And Molluscs.,• All additives are of plant or synthetic origin","Attributes,Per Serving (78g),Energy,1540kJ
,Protein,6.2g
,Total Fat,17.6g
,Carbohydrate,45.9g
,Sodium,800mg
"
2021-07-01,prima tast readi meal - beef rendang with rice,"• Loaded with 20% wholegrain basmati rice and 5% multi-grains,• No added MSG and preservatives,• Contains dietary fibre, soluble fibre and prebiotics,• A healthy meal in just 90 seconds, so easy and delicious,• Directions:,1. Squeeze unopened pouch gently to loosen the rice,2. Tear a small gap to vent steam (as indicated on packaging),3. Place pouch in a standing position inside microwave oven, heat on high for 20 seconds in a 800W oven,4. Let pouch rest for 1 minute,5. Hold top of pouch to tear open completely,6. Mix well and Beef Rendang with Rice is ready to serve,• Note:,1. Microwave times may vary depending on wattage,2. You may also reheat by immersing unopened pouch in a covered pot of boiling water for approximately 8 - 10 minutes","Attributes,Per Serving (100g),Energy,202kcal,Trans Fat,0g,Protein,9.7g,Total Fat,7.7g,Saturated Fat,4.8g,Cholesterol,11mg,Carbohydrate,23.5g,Sugars,5g,Dietary Fibre,3.6g,Soluble Fibre (Inulin),2.4g,Sodium,327mg"
2021-07-01,campbell' instant soup - cream of chicken,"Directions:,1. Add hot water to soup mix,2. Stir until it is well mixed,3. Best served hot,Creamer [Glucose Syrup, Hydrogenated Vegetable Fat, Caseinate (Milk Protein), Stabilizers [INS340(ii), INS452(i)], Emulsifiers (INS471, INS472E), Silicone Dioxide (INS551), Beta-Carotene (INS160A)], Potato Starch, Flavourings (Egg, Milk, Soybean, Wheat Sources), Yeast Extract (Contains Barley), Corn Starch, Salt, Vitamins and Minerals (Calcium (INS170(ii), Iron, Vitamin B3, B2 (INS101) and B1], Palm Oil, Sugar, Maltodextrin, Spice, Chicken Powder, Citric Acid (INS330), Butter (Contains Milk),• Allergen Advice: Contains Egg, Gluten Containing Cereals, Milk and Soy,• Contains thickeners and acidity regulator as permitted food conditioners,• Contains permitted flavouring substances,• Food additives are of plant, animal and synthetic origin","Attributes,Per Serving (100g),Energy,485kcal,Protein,8g,Carbohydrate,73g,Total Fat,17.9g,Vitamin B1 (Thiamin),0.9mg,Riboflavin (Vitamin B2),1.4mg,Niacin (Vitamin B3),13.6mg,Iron,9.1mg,Calcium,773mg"
2021-07-01,fairpric sweet popcorn,,
2021-07-01,maggi hot head instant bowl noodl - roast chicken mee goreng,"1. Open the lid halfway to remove seasoning sachets and fork
,2. Add hot water and wait for 3 minutes
,3. Drain water
,4. Pour in the seasoning, mix the noodles well and ready to sizzle,• Noodle Cake: Wheat flour, Palm Oil, Starch, Salt. Sugar, Potassium Chloride, Sodium Tripolyphosphate, Guar gum, Potassium Carbonate, Sodium Carbonate and Caramel.
Seasoning Sauce: Sugar, Molasses, Salt, Starch, Soya Flakes, Wheat Flour, Potassium Sorbate, Glucose
,• Mixes: Salt, Monosodium Glutamate, Sugar, Palm Olein, Black Pepper, Tapioca starch, Chilli, Malic Acid, Wheat Flour, Galangal, Lemongrass, Soya, Flavourings, Sodium Inosinate & Sodium Guanylate, Citric Acid, Paprika, Wheat Grains, Palm Kernel Fat, Acetic Acid, Yeast
,• Flavoured Oil: Palm Olein, Paprika, Flavouring (Contains Milk)
,• May contain: Crustaceans, fish, celery and mustard","Attributes,Per Serving (98g),Energy,464kcal,Protein,8g,Total Fat,21.3g,Carbohydrate,59.9g"
2021-07-01,maggi hot head instant bowl noodl - tom yum mee goreng,"1. Open the lid halfway to remove seasoning sachets and fork
,2. Add hot water and wait for 3 minutes,3. Drain water,4. Pour in the seasoning, mix the noodles well and ready to sizzle,• Noodle Cake:
,Wheat flour, Palm Oil, Starch, Salt. Sugar, Potassium Chloride, Sodium Tripolyphosphate, Guar gum, Potassium Carbonate, Sodium Carbonate and Caramel.
Seasoning Sauce: Sugar, Molasses, Salt, Starch, Soya Flakes, Wheat Flour, Potassium Sorbate, Glucose
,• Mixes: Salt, Monosodium Glutamate, Sugar, Palm Olein, Black Pepper, Tapioca starch, Chilli, Malic Acid, Wheat Flour, Galangal, Lemongrass, Soya, Flavourings, Sodium Inosinate & Sodium Guanylate, Citric Acid, Paprika, Wheat Grains, Palm Kernel Fat, Acetic Acid, Yeast
,• Flavoured Oil: Palm Olein, Paprika, Flavouring (Contains Milk)
,• May contain: Crustaceans, fish, celery and mustard","Attributes,Per Serving (97g),Energy,456 kcal,Protein,7.6g,Total Fat,21.2g,Carbohydrate,58.7g"
2021-07-01,campbell' instant soup - mushroom chees with crouton,"Creamer, Potato Starch, Cheese and Garlic Croutons, Cheese, Yeast Extract, Vitamins and Minerals, Flavourings,• Contains yeast extract as permitted food conditioners,• Contains permitted flavourings substances,• No added MSG and food additives used are of plant, animal and sythetic food","Attributes,Per Serving (100g),Energy,92kcal,Total Fat,4.1g,Thiamine (Vitamin B1),0.2mg,Riboflavin,0.3mg,Total Carbohydrate,12.8g,Niacin,3.0mg,Iron,2.0mg,Calcium,170mg,Protein,0.9g"
2021-07-01,maggi instant rice porridg - abalon,"• Stove top:,1. Bring to boil,2. Stir well,3. Reduce heat to low and simmer for 10 mins,4. Enjoy it hot,• Microwave oven:,1. Add water and sachet contents into microwavable bowl,2. Place bowl into microwave oven,3. Set high for 10 mins,4. Remove from microwave oven, stir well and serve,Rice, Monosodium Glutamate, Corn Starch (contains Sulphite), Abalone Powder Flavour (contains Crustacean), Salt, Maltodextrin, Sugar, Texturised Soya Protein, Palm Oil, Onion, Spices, Sodium Inosinate and Sodium Guanylate and Citric Acid,• Traces: fish, milk, celery, mustard and gluten","Attributes,Per Serving (31.5g),Energy,117.8g,Cholesterol,0.3mg,Protein,2.8g,Total Fat,0.3g,Trans Fat,0g,Carbohydrate,25.8g,Dietary Fibre,0.2g,Sodium,587mg"
2021-07-01,nongshim instant cup noodl - korean clay pot,"• Noodles: Wheat Flour (Cereal containing Gluten), Palm Oil, Starch, Salt, Acidity Regulator (Potassium Carbonate),• Soup Powder: Salt, Soya Sauce Powder (Soya Bean Product), Soya Bean Paste Powder, Sugar,• Vegetables: Dehydrated Kimchi, Dehydrated Chinese Cabbage, Dehydrated Chives",
2021-07-01,koka instant noodl - curri,"• Bold flavours,• Authentic local taste,• No added MSG, preservatives and artificial colouring,1. Place noodles into 400ml of boiling water and cook for 2 minutes ,2. Turn off the heat, add seasoning and stir,3. Transfer to bowl and serve,• Noodles: Wheat Flour, Tapioca Starch, Palm Oil, Salt, Potassium Carbonate, Sodium Carbonate,• Seasoning Mix: Curry Spices, Non-dairy Creamer, Sugar, Salt, Yeast Extract, Hydrolysed Vegetable Protein, Disodium 5'-Ribonucleotide, Paprika Oil","Attributes,Per Serving (85g),Energy,390kcal,Total Fat,16g,Saturated Fat,8g,Trans Fat,0g,Cholesterol,0mg,Sodium,1280mg,Carbohydrate,51g,Dietary Fibre,2g,Sugars,4g,Protein,8g,Calcium,1.7g,Iron,3.4g"
2021-07-01,nissin instant cup noodl - sesam oil,"1. Detach the oil sachet from the lid,2. Pull the lid back to the indicated line and pour boiling water up to inner line,3. Close the lid for 3 minutes,4. Remove the lid and add seasoning oil,5. Stir well and serve,• Store in a cool and dry place,• Avoid placing under direct sunlight,• Noodles: Wheat Flour, Refined Palm Oil (Palm Oil, Vitamin E, Ascorbyl Palmitate), Tapioca Starch, Salt, Food Additives (Monosodium Glutamate, Lecithin, Sodium Carbonate, Sodium Hexametaphosphate, Sodium Tripolyphosphate, Guar Gum, Citric Acid, Disodium 5’-Ribonucleotide), Garlic Powder, Soya Sauce, Wheat Gluten Powder,• Seasoning Powder: Maltodextrin, Food Additives (Monosodium Glutamate, Caramel I, Silicon Dioxide, Disodium 5’-Ribonucleotide, Citric Acid, Paprika Oleoresin), Yeast Extract, Refined Vegetable Oil (Sesame Oil, Rice Bran Oil,Vitamin E), Soya Sauce Powder (Soya Sauce, Maltodextrin, Salt, Monosodium Glutamate), Sugar,Garlic Powder, Onion Powder, Hydrolysed Plant ProteinSeasoning Powder (Hydrolysed Plant Protein Seasoning Liquid, Salt, Maltodextrin, Monosodium Glutamate), Flavourings, Creamer, Spices,• Garnish: Dehydrated Vegetables (Cabbage, Carrot, Spring Onion), Dehydrated Egg (Egg Powder, Wheat Flour, Sorbitol, Soya Protein, Corn Oil, Starch, Salt, Sugar, Monosodium Glutamate, Ammonium Bicarbonate, Citric acid, Disodium 5’-Ribonucleotide, Beta-Carotene, Vitamin E), Dehydrated Fishcake (Fish Paste, Corn Starch, Sorbitol, Salt, Sugar, Monosodium Glutamate, Mono and Diglycerides of Fatty Acid, Paprika Colour),• Seasoning Oil: Refined Vegetable Oil (Sesame Oil, Rice Bran Oil, Vitamin E), Flavourings, Garlic, Ginger, Paprika Oleoresin,• Contains: Wheat, Fish, Egg, Soya and Milk","Attributes,Per Serving (72g),Energy,1319kJ
"
2021-07-01,golden chef japanes instant cup noodl - tonkotsu,"• Cooking Instructions:,1. Open lid halfway,2. Add soup and condiments pack,3. Add boiling water to marked line,4. Close lid and leave for 3 minutes,5. Stir well and enjoy!,• Noodles: Wheat Flour, Modified Starch (E1420), Palm Oil, Salt, E500 (i) and E501 (i),• Soup Seasoning: Modifed Starch (E1420), Salt, Creamer [Glucose Syrup, Hydrogenated Palm Kernel Oil, Sodium Caesinate (Contains Milk)], Sugar, E621, Hydrolyzed Soy Protein, Soya Sauce Powder [Soya Sauce (Soya Sauce, Wheat, Salt), Maltodextrin, Palm Oil], Flavouring, E551, Garlic Powder, Onion Powder, Sesame Oil, Yeast Extract, Chives, E635, Black Pepper Powder and E330,• Garnish: Dehydrated Vegetables (Cabbage, Corn, Carrots, Chives)","Attributes,Per Serving (70g),Energy,374kcal,Protein,8.2g,Total Fat,14.5g,Saturated Fat,7.3g,Trans Fat,0g,Cholesterol,0mg,Carbohydrate,52.5g,Sugars,4.7g,Dietary Fibre,2.3g,Sodium,1667mg"
2021-07-01,nissin big instant cup noodl - japanes chees curri,,
2021-07-01,koka instant purpl wheat noodl - aglio olio (dry),"• 100% steam-baked,• Made with whole purple grains,• No added MSG, artificial colouring and preservatives,1. Cook noodles in boiling water for 2 - 3 minutes,2. Empty seasoning powder and oil sachet into a bowl, mix powder and oil together,3. Drain noodles and place into bowl with seasoning mix,4. Mix noodles with seasoning evenly and enjoy,• Noodle: Wheat Flour, Tapioca Starch, Whole Purple Corn Flour, Whole Purple Wheat Flour, Salt,• Seasoning: Canola Oil, Sugar, Salt, Non-Dairy Creamer (Glucose, Vegetable Fat, Milk Protein), Yeast Extract, Garlic, Parsley, Black Pepper,• Contains wheat soy, sesame and milk","Attributes,Per Serving (60g),Calories ,260cal
,Calories from Fat,60cal
,Total Fat,7g
,Saturated Fat,1g
,Trans Fat,0g
,Cholesterol,0mg
,Sodium,550mg
,Carbohydrate,42g
,Dietary Fibre,2g
,Sugars ,3g
,Protein,7g
,Calcium ,2%
,Iron,6%
"
2021-07-01,myojo instant bowl noodl - mee soto ayam,"1. Open lid halfway,2. Add seasoning powder and garnish,3. Pour boiling water to inner line and close lid for 3 minutes,4. Remove lid, stir well and serve,• Noodles: Wheat Flour (63%), Palm Oil [Antioxidants (306, 320, 321)], Tapioca Starch, Salt, Acidity Regulators (450, 500, 451, 501), Colour (160A), Stabilisers (412, 414), Emulsifier (471),• Seasoning Powder: Salt, Flavouring Powder [Imitation Chicken Flavour, Yeast Extract, Soya Sauce Powder (Soya, Wheat, Salt), Acidity Regulators (296, 327)], Flavour Enhancers (621, 635), Sugar, Spices, Chilli, Corn Starch, Vegetables Powder (Celery, Cabbage), Hydrolysed Plant Protein [Soya, Stabiliser (1400)], Creamer [Glucose, Palm Fat, Sodium Caseinate, Stabiliser (340), Emulsifier (340), Emulsifier (471)], Colour (150C), Anticaking Agent (551),• Seasoning Oil: Palm Oil, Onion),• Garnish: Cabbage (contains Lactose), Carrot, Fishcake [Fish, Corn Starch, Sugar, Colours (160B, 120), Stabilisers (414, 420)], Chilli, Spring Onion,• Contain: Wheat, fish, soya and milk","Attributes,Per Serving (80g),Energy,350kcal,Protein,6.7g,Total Fat,14.2g,Saturated Fat,6.6g,Carbohydrate,48.3g,Sugars,5.4g,Sodium,2430mg"
2021-07-01,koka instant noodl - origin stir-fri,"• Bold flavours,• Authentic local taste,• No added MSG, preservatives and artificial colouring,1. Place noodles into boiling water and cook for 2 minutes,2. Mix seasoning powder and oil together on a plate while noodles are cooking,3. Drain noodles well and transfer to plate,4. Mix noodles with seasoning and serve,• Noodles: Wheat Flour, Tapioca Starch, Edible Palm Oil, Salt, Potassium Carbonate, Sodium Carbonate,• Seasoning Mix: Palm Oil, Sugar, Salt, Yeast Extract, Flavour (contains Soya Beans, Sesame Seeds), Soya Sauce Powder, Onion Powder, Garlic Powder, Caramel Powder, Spices, Disodium 5'- Ribonucleotide, Chives, Lactic Acid","Attributes,Per Serving (85g),Calories,370kcal,Total Fat,16g,Saturated Fat,7g,Trans Fat,0g,Cholesterol,0mg,Sodium,660mg,Carbohydrate,50g,Dietary Fibre,2g,Sugars,5g,Protein,8g,Calcium,1.7g,Iron,3.4g"
2021-07-01,nongshim shin ramyun instant noodl - kimchi (halal),"1. Pour 550ml water into a pot and boil,2. Put noodle, soup base and vegetable flakes together into boiling water,3. Simmer for additional 4 - 5 minutes.,• Noodles: Wheat Flour (Cereal Containing Gluten), Potato Starch, Vegetable Oil, Salt, Acidity Regulator (E501, E500), Vegetable Flavour Sauce (Malt Syrup, Onion, Garlic), Colour [E101(I)], Green Tea Extract.,• Sauce: Salt, Flavour Enhancer (E621, E635), Kimchi, Spices, Hydrolyzed Vegetable Protein (Soybean Product), Soybean Paste Powder (Soybean, Salt, Wheat Flour) (Soybean Product), Yeast Extract, Sugar, Vegetable Oil, Chili Paste, Corn Flour, Rice Flour, Maltodextrin, Malt Strup, Mushroom, Chili Extract, Glucose, Acidity Regulator (E296, E330),• Vegetable Flakes: Dehydrated Kimchi, Dehydrated Green Onion","Attributes,Per Serving (60g),Energy,260kcal
,Total Fat,11g
,Saturated Fat,5g
,Trans Fat,0g
,Protein,5g
,Carbohydrate,36g
,Sugars,3g
,Sodium,1230mg
"
2021-07-01,nongshim shin ramyun instant noodl - spici mushroom (halal),,
2021-07-01,nissin instant cup noodl - tom yam seafood,,
2021-07-01,cintan non fri instant noodl - origin (plain),"1. Cook CINTAN Non fried noodles in boiling water for 3 minutes,2. Drain noodles and acid in your choice of seasoning, meat and vegetables,3. Ready to serve,Wheat Flour, Modified Starch E1401, Salt,• Contains: Permitted food conditioners (sodium carbonate, sodium polyphosphate)","Attributes,Per Serving (100g),Energy,368kcal,Cholesterol,0mg,Protein,11.1g,Carbohydrate,79.2g,Total Fat,0.8g"
2021-07-01,knorr instant cup porridg - chicken & mushroom,"• 100% natural vegetables,• Real chicken taste,• Real thai jasmine rice,• Ready in 2 min,1. Empty a sachet into a cup,2. Add 250ml of hot water into the cup and stir for 2 minutes,3. Do not put paper cup in microwave,Instant Rice Flake, Salt, Creamer (contain Milk Derivatives), Dehydrated Vegetable (Sweet Potato, Cabbage, Mushroom and Pumpkin), Spices, Sugar, Maltodextrin, Monosodium Glutamate, Palm Fat, Soya Sauce (contain Wheat), Sodium Inosinate and Guanylate, Flavourings (contain Wheat and Egg),• All food additives are of plant, animal and synthetic origin","Attributes,Per Serving (100g),Energy,335kcal,Proteins,6.4g,Carbohyrate,69g,Total Fat,3.8g,Cholesterol,0mg"
2021-07-01,myojo instant noodl - mushroom (vegetarian),"Directions:,1. Put noodles into 450ml of boiling water in a pot and boil,2. Stir for 2 - 3 minutes,3. Remove pot from heat and put seasoning powder to the noodles,4. Mix well and serve immediately,• Noodles: Wheat Flour (74%), Palm Oil (Antioxidants [306, 320, 321]), Salt, Acidity Regulators (450, 451, 500, 501), Stabiliser (414), Emulsifier (471),• Seasoning Powder: Salt, Flavour Enhancers (621, 635), Vegetables Powder (Mushroom, Carrot, Cabbage), Sugar, Hydrolysed Plant Protein (Soya, Stabiliser [1400]), Sesame Oil, Colour (150C), Anti-caking Agent (551)
","Attributes,Per Serving (100g),Energy,370kcal,Sugars,0.5g,Protein,8.1g,Total Fat,13.1g,Saturated Fat,5.9g,Carbohydrate,54.8g,Sodium,1820mg"
2021-07-01,nongshim instant bowl noodl - korean clay pot,"• Noodles: Wheat Flour (Cereal containing Gluten), Palm Oil, Starch, Salt, Acidity Regulator (Potassium Carbonate),• Soup Powder: Salt, Soya Sauce Powder (Soy Bean Product), Sugar,• Vegetables: Dehydrated Kimchi, Dehydrated Carrot, Dehydrated Carrot, Dehydrated Chives, Dehydrated Red Pepper",
2021-07-01,campbell' instant soup - wild mushroom,"• No added MSG,• Contains calcium, iron, vitamins B1, B2 and B3",
2021-07-01,campbell' instant soup - cream of mushroom,"• Made with real button mushrooms,• Delicious on its own or great with bread or crackers,• Enjoy your flavourful cup of soup in a minute,Directions:,1. Add hot water to soup mix,2. Stir until it is well mixed,3. Best served hot,Creamer [Glucose Syrup, Hydrogenated Vegetable Fat, Caseinate (Milk Protein), Stabilizers [INS340(ii), INS452(i)], Emulsifiers (INS471, INS472E), Silicon Dioxide (INS551), Beta-Carotene (INS160A)], Potato Starch, Mushrooms, Salt, Corn Starch, Butter (Contains Milk), Yeast Extract (Contains Barley), Vitamins and Minerals [Calcium (INS170(i)], Iron, Vitamin B3, B2 (INS101) and B1], Palm Oil, Flavourings (Wheat, Milk Sources), Maltodextrin,• Allergen Information: Contains Milk and Gluten Containing Cereals,• May Contain: Traces Of Egg and Soy,• Contains thickeners as permitted food conditioners,• Contains permitted flavouring substances,• Food additives are of plant, animal and synthetic origin","Attributes,Per Serving (100g),Energy,422kcal,Protein,4.2g,Carbohydrate,60.7g,Total Fat,18g,Vitamin B1 (Thiamin),0.9mg,Riboflavin (Vitamin B2),1.4mg,Niacin (Vitamin B3),14.2mg,Iron,9.4mg,Calcium,805mg"
2021-07-01,koka instant noodl - chicken,"• Bold flavours,• Authentic local taste,• No added MSG, preservatives and artificial colouring,1. Place noodles into 400ml of boiling water and cook for 2 minutes,2. Turn off the heat, add seasoning and stir,3. Transfer to bowl and serve,• Noodles: Wheat Flour (76%), Tapioca Starch, Palm Oil, Salt, Potassium Carbonate, Sodium Carbonate,• Seasoning Mix: Salt, Sugar, Yeast Extract, Chicken Flavour, Soya Sauce Powder, Spices, Disodium 5'-Ribonucleotide, Chives","Attributes,Per Serving (85g),Energy,390kcal,Total Fat,16g,Saturated Fat,8g,Trans Fat,0g,Cholesterol,0mg,Sodium,1140mg,Carbohydrate,51g,Dietary Fibre,2g,Sugars,4g,Protein,8g,Calcium,1.7g,Iron,3.4g"
2021-07-01,maggi 2-minut instant noodl - asam laksa,"Directions:,1. Empty noodles and soup mix in 360ml of boiling water,2. Simmer for 2 minutes, with gentle stirring,3. Serve immediately,• Noodle Cake: Wheat Flour, Palm Oil, Wheat Gluten, Salt, Potassium Chloride, Sodium Tripolyphosphate, Stabilisers, Potassium Carbonate And Sodium Carbonate,• Soup Mix: Salt, Monosodium Glutamate, Starch, Chilli, Fish Flavouring (Contains Fish and Milk), Soya Sauce (Soya Flakes, Salt, Wheat Flour), Sugar, Citric Acid, Maltodextrin, Onion Flavouring, Palm Oil, Tumeric, Sodium Inosinate and Sodium Guanylate and Plain Caramel","Attributes,Per Serving (78g),Energy,348kcal,Protein,8g,Total Fat,13.6g,Carbohydrate,48.4g"
2021-07-01,maggi 2-minut instant noodl - kari letup,"1. Empty noodles and soup mix in 400ml of boiling water,2. Simmer for 2 minutes, with gentle stirring,3. Serve immediately,• Noodle Cake: Wheat Flour, Palm Oil, Wheat Gluten, Salt, Potassium Chloride, Sodium Tripolyphosphate, Stabilisers, Potassium Carbonate, Sodium Carbonate,• Soup Mix: Salt, Monosodium Glutamate, Palm Fat and Olein, Tapioca Starch, Chilli, Wheat Flour, Soya Sauce, Coriander, Yeast Extract, Cumin, Spices, Sugar, Sodium Inosinate, Sodium Guanylate","Attributes,Per Serving (100g),Energy,457kcal,Protein,10.3g,Total Fat,18.9g,Carbohydrate,61.3g"
2021-07-01,nongshim instant cup noodl - kimchi,"• Noodles: Wheat Flour (Cereal containing Gluten), Palm Oil, Starch, Salt, Acidity Regulator (Potassium Carbonate),• Soup Powder: Salt, Flavour (Kimchi), Flavour Enhancer (Monosodium Glutamate), Spices,• Vegetables: Dehydrated Kimchi, Dehydrated Chinese Cabbage, Dehydrated Chives",
2021-07-01,nissin instant cup noodl - spici seafood,"1. Pull lid back to indicated line, the, pour boiling water up to inner line, 2. Close lid for 3 minutes,3. Remove lid, stir well and serve","Attributes,Per Serving (100g),Energy,338kcal,Sodium,1492mg,Protein,8.3g,Total Fat,14.4g,Saturated Fat,7g,Carbohydrate,43.9g,Dietary Fibre,2.6g,Cholesterol,12mg"
2021-07-01,nongshim shin ramyun instant noodl - spici,"1. Boil 550ml (about 2 1/4 cup) of water,2. Add noodles, soup base and vegetable mix,3. Cook for 4 minutes - 5 minutes, stirring occasionally,4. Remove from heat and serve,• Noodles: Wheat Flour (Cereal containing Gluten), Palm Oil, Potato Starch, Salt, Acidity Regulator (E501, E500), Vegetable Flavour Sauce (Malt Syrup, Onion, Garlic), Colour (E101(I)), Tea Extract,• Soup Powder: Salt, Flavour Enhancer (E621, E635), Hydrolysed Vegetable Protein (Soya Bean Product), Chilli Powder, Spices, Sugar, Soya Bean Paste Powder (Soya Bean Product), Yeast Extract, Vegetable Oil, Mushroom, Corn Flour, Chilli Extract, Malt Syrup, Maltodextrin, Colour (E150A),• Vegetables: Dehydrated Chives, Dehydrated Mushroom, Dehydrated Carrot, Dehydrated Red Pepper",
2021-07-01,maggi big 2-minut instant noodl - curri,"1. Empty noodles and soup mix into 450ml of boiling water,2. Simmer for 2 minutes, with gentle stirring,3. Serve immediately and enjoy,• Noodle Cake: Wheat Flour, Palm Oil, Wheat Gluten, Salt, Potassium Chloride, Sodium Tripolyphosphate, Stabilisers, Potassium Carbonate, Sodium Carbonate,• Soup Mix: Salt, Monosodium Glutamate, Palm Oil, Starch, Soya Sauce (contains Wheat), Chilli, Wheat Flour, Spices, Sugar, Yeast Extract, Garlic, Onion, Sodium Inosinate, Sodium Guanylate, Plain Caramel, Citric Acid,• May contain traces: crustaceans, fish, milk, celery and mustard","Attributes,Per Serving (101g),Energy,447kcal,Protein,10.7g,Total Fat,17.8g,Carbohydrate,61.1g"
2021-07-01,maggi 2-minut instant noodl - chicken,"Directions:,1. Empty noodles and soup mix into 360ml of boiling water,2. Simmer gently for 2 minutes,3. Serve immediately ,• Noodle Cake: Wheat Flour, Palm Oil, Salt, Potassium Chloride, Guar Gum, Sodium Tripolyphosphate, Potassium Carbonate and Sodium Carbonate,• Soup Mix: Salt, Monosodium Glutamate, Sugar, Corn Starch, Flavourings (contains Milk), Chicken Fat and Meat, Soya Sauce (contains Wheat), Palm Oil, Leek, Onion, Garlic, Spices (contains Celery), Sodium Inosinate and Sodium Guanylate and Citric Acid,• May contain traces of crustaceans, fish, mustard","Attributes,Per Serving (77g),Energy,340kcal,Total Fat,13.9g,Carbohydrate,46.7g,Protein,7.4g"
2021-07-01,fairpric instant noodl - curri,"Cooking instructions:,1. Cook Fairprice Instant Noodles in 400ml (1½ cup) of boiling water for 2 minutes,2. Add in the soup seasoning, stir evenly,3. Ready to serve,• Noodles: Wheat Flour, Palm Oil, Water, Salt, E339 (i), E450 (i), E501 (i), E412 and E500 (i),• Soup Seasoning: Salt, Curry Powder (Dried Chilli, Coriander Seed, Cumin, Fennel, Cinnamon, Cardamom, Turmeric, Fenugreek), E621, Sugar and Spices Powder (Dried Chilli, Cinnamon, Cardamom, Cloves, Ginger, Star Anise, Nutmeg, Bay Leaf, Turmeric, Fennel, Cumin) and Paprika Oil,• Allergen advice: contain gluten,• May contain crustacean, soy and milk","Attributes,Per Serving (70g),Energy,307kcal,Protein,6.7g,Total Fat,12g,Saturated Fat,6g,Trans Fat,0g,Cholesterol,0mg,Carbohydrate,43g,Dietary Fibre,3.5g,Sodium,1989mg"
2021-07-01,maggi hot mealz instant bowl noodl - curri chicken,"1. Pour boiling water in,2. Stir,3. Wait for 3 minutes before enjoying it hot,• Noodle Cake: Wheat Flour, Palm Oil, Starch, Salt, Sugar, Potassium Chloride, Sodium Tripolyphosphate, Guar Gum, Potassium Carbonate, Sodium Carbonate and Caramel,• Mixes: Salt, Monosodium Glutamate, Palm Fat and Olein, Chilli, Starch, Sugar, Potassium Chloride, Wheat Flour, Onion, Modified Starch, Coriander, Yeast Extract, Turmeric, Garlic, Flavourings (Contain Milk, Wheat and Soya), Spices, Colourings, Chicken Meat, Cumin, Sodium Inosinate and Sodium Guanylate, Lemongrass, Citric Acid, White Pepper, Soya, Wheat Grains, Palm Kernel Fat, Acetic Acid,• Creamer: Glucose Syrup, Hydrogenated Palm Oil, Sodium Caseinate (Milk Protein), Potassium Phosphate, Emulsifiers, Flavourings, Anti-Caking Agent (E551), Sodium Tripolyphosphate, Salt,• Garnishing: Spring Onion, Chilli,• May contain traces of crustacean, fish, celery, mustard","Attributes,Per Serving (20g),Energy,85kcal,Sodium,0mg,Total Fat,2g,Protein,0.4g"
2021-07-01,nongshim kimchi ramyun instant noodl,"1. Add noodles, flakes and soup base to 500ml of boiling water,2. Cook for 3 minutes,3. Stir well and serve,• Noodles: Wheat Flour (Cereal containing Gluten), Palm Oil, Starch, Salt, Acidity Regulator (Potassium Carbonate),• Soup Powder: Salt, Flavour Enhancer (Monosodium Glutamate), Spices, Flavour (Kimchi), Sugar, Soya Sauce Powder (Soya Bean Product),• Vegetables: Kimchi Flake, Dried Chives","Attributes,Per Serving (100g),Energy,505kcal,Carbohydrate,76g,Protein,10g,Total Fat,18g,Saturated Fat,10g,Sugars,2g,Sodium,2560mg"
2021-07-01,ibumi Mi goreng instant noodl - origin,"1. Cook noodles in briskly boiling water and simmer for 3 minutes,2. Mix the seasoning powder, oil and soy sauce on a separate plate,3. Take noodles out from the boiling water and drain well,4. Mix noodles thoroughly with the seasonings,5. Noodles are ready to be served,• Noodle: Wheat Flour, Palm Olein (Contains Permitted Antioxidant : BHA), Salt, Guar Gum, Sodium Polyphosphate, Potassium Carbonate, Sodium Carbonate,• Seasoning Powder: Salt, Spices, Monosodium Glutamate, Yeast Extract, Permitted Flavour Enhancer (E631),• Seasoning Sauce: Soya Bean, Sugar, Salt, Flour, Brown Sugar, Caramel, Monosodium Glutamate, Benzoic Acid,• Seasoning Oil: Palm Olein (Contains Permitted Antioxidant: BHA), Shallot","Attributes,Per Serving (80g),Energy,395kcal,Carbohydrate,48.9g,Protein,7.2g,Total Fat,19g"
